last_name, first_name,player_id,year,player_age,b_ab,b_total_pa,b_total_hits,b_single,b_double,b_triple,b_home_run,b_strikeout,b_walk,b_k_percent,b_bb_percent,batting_avg,slg_percent,on_base_percent,on_base_plus_slg,woba,
Pujols, Albert,405395,2021,41,275,296,65,45,3,0,17,45,14,15.2,4.7,.236,.433,.284,.717,.302,
Cabrera, Miguel,408234,2021,38,472,526,121,90,16,0,15,118,40,22.4,7.6,.256,.386,.316,.701,.305,
Rivera, Rene,425784,2021,38,69,78,16,11,3,0,2,29,4,37.2,5.1,.232,.362,.282,.644,.288,
Wainwright, Adam,425794,2021,40,57,74,7,5,2,0,0,25,3,33.8,4.1,.123,.158,.135,.293,.149,
Molina, Yadier,425877,2021,39,440,473,111,81,19,0,11,79,24,16.7,5.1,.252,.370,.296,.666,.290,
Suzuki, Kurt,435559,2021,38,219,247,49,35,8,0,6,44,12,17.8,4.9,.224,.342,.291,.634,.282,
Cruz Jr., Nelson,443558,2021,41,513,584,136,82,21,1,32,126,51,21.6,8.7,.265,.497,.332,.829,.346,
Peralta, David,444482,2021,34,487,538,126,80,30,8,8,92,46,17.1,8.6,.259,.402,.325,.728,.314,
Pina, Manny,444489,2021,34,180,208,34,15,6,0,13,38,22,18.3,10.6,.189,.439,.293,.732,.315,
Escobar, Alcides,444876,2021,35,319,349,92,65,21,2,4,56,17,16.0,4.9,.288,.404,.338,.742,.326,
Longoria, Evan,446334,2021,36,253,291,66,36,17,0,13,68,35,23.4,12.0,.261,.482,.351,.833,.352,
Morton, Charlie,450203,2021,38,55,62,7,6,1,0,0,31,0,50.0,0.0,.127,.145,.113,.258,.118,
Lester, Jon,452657,2021,37,48,51,8,5,2,0,1,24,2,47.1,3.9,.167,.271,.196,.467,.205,
Cabrera, Asdrubal,452678,2021,36,309,352,71,43,21,0,7,80,36,22.7,10.2,.230,.366,.313,.678,.297,
Scherzer, Max,453286,2021,37,59,63,0,0,0,0,0,28,0,44.4,0.0,.000,.000,.000,.000,.000,
Blackmon, Charlie,453568,2021,35,514,582,139,97,25,4,13,91,54,15.6,9.3,.270,.411,.351,.761,.333,
Maldonado, Martin,455117,2021,35,373,426,64,41,10,1,12,127,47,29.8,11.0,.172,.300,.272,.573,.258,
Chirinos, Robinson,455139,2021,37,97,112,22,11,5,1,5,36,9,32.1,8.0,.227,.454,.321,.775,.336,
Cain, Lorenzo,456715,2021,35,257,286,66,45,13,0,8,48,26,16.8,9.1,.257,.401,.329,.729,.319,
Solano, Donovan,456781,2021,34,307,344,86,62,17,0,7,58,25,16.9,7.3,.280,.404,.343,.747,.324,
McCutchen, Andrew,457705,2021,35,482,574,107,55,24,1,27,132,81,23.0,14.1,.222,.444,.334,.778,.335,
Upton, Justin,457708,2021,34,318,362,67,38,12,0,17,107,39,29.6,10.8,.211,.409,.296,.704,.305,
Turner, Justin,457759,2021,37,533,612,148,99,22,0,27,98,61,16.0,10.0,.278,.471,.361,.832,.358,
Posey III, Buster,457763,2021,34,395,454,120,79,23,0,18,87,56,19.2,12.3,.304,.499,.390,.889,.379,
Votto, Joey,458015,2021,38,448,533,119,59,23,1,36,127,77,23.8,14.4,.266,.563,.375,.938,.391,
Gardner, Brett,458731,2021,38,387,461,86,56,16,4,10,100,60,21.7,13.0,.222,.362,.323,.685,.305,
Joyce, Matt,459964,2021,37,55,69,5,2,1,0,2,16,12,23.2,17.4,.091,.218,.261,.479,.219,
Romine, Andrew,461865,2021,36,60,64,11,8,2,0,1,24,4,37.5,6.3,.183,.267,.234,.501,.223,
Andrus, Elvis,462101,2021,33,497,541,121,91,25,2,3,81,31,15.0,5.7,.243,.320,.292,.612,.270,
Sandoval, Pablo,467055,2021,35,73,86,13,9,0,0,4,25,11,29.1,12.8,.178,.342,.302,.645,.291,
Ramos, Wilson,467092,2021,34,151,163,31,18,5,0,8,36,9,22.1,5.5,.205,.397,.245,.643,.275,
Santana, Carlos,467793,2021,35,565,659,121,87,15,0,19,102,86,15.5,13.1,.214,.342,.319,.660,.294,
Parra, Gerardo,467827,2021,34,97,107,23,16,5,0,2,30,6,28.0,5.6,.237,.351,.290,.640,.282,
Mercer, Jordy,474568,2021,35,118,127,30,21,7,0,2,34,9,26.8,7.1,.254,.364,.307,.671,.294,
Belt, Brandon,474832,2021,33,325,381,89,44,14,2,29,103,48,27.0,12.6,.274,.597,.378,.975,.406,
Zimmerman, Ryan,475582,2021,37,255,273,62,32,16,0,14,77,16,28.2,5.9,.243,.471,.286,.756,.319,
Lowrie, Jed,476704,2021,37,457,512,112,70,28,0,14,108,49,21.1,9.6,.245,.398,.318,.717,.311,
Avila, Alex,488671,2021,34,89,111,17,6,9,1,1,37,19,33.3,17.1,.191,.348,.342,.691,.311,
Brantley Jr., Michael,488726,2021,34,469,508,146,106,29,3,8,53,33,10.4,6.5,.311,.437,.362,.799,.347,
Castro, Jason,488771,2021,34,149,179,35,20,7,0,8,54,25,30.2,14.0,.235,.443,.352,.795,.347,
Miley, Wade,489119,2021,35,54,59,10,7,3,0,0,13,3,22.0,5.1,.185,.241,.220,.461,.210,
Gurriel, Yuli,493329,2021,37,530,605,169,123,31,0,15,68,59,11.2,9.8,.319,.462,.383,.846,.363,
Rojas, Miguel,500743,2021,32,495,539,131,89,30,3,9,74,37,13.7,6.9,.265,.392,.321,.713,.311,
Escobar, Eduardo,500871,2021,32,549,599,139,80,26,5,28,124,48,20.7,8.0,.253,.472,.314,.786,.334,
Adrianza, Ehire,501303,2021,32,182,209,45,29,9,2,5,42,21,20.1,10.0,.247,.401,.325,.726,.316,
Lagares, Juan,501571,2021,32,309,327,73,45,20,2,6,76,12,23.2,3.7,.236,.372,.263,.635,.274,
Almonte, Abraham,501659,2021,32,148,175,32,15,12,0,5,38,26,21.7,14.9,.216,.399,.331,.730,.321,
Davis, Khris,501981,2021,34,102,114,21,12,5,1,3,31,10,27.2,8.8,.206,.363,.272,.635,.274,
Pham, Tommy,502054,2021,33,475,561,109,68,24,2,15,128,78,22.8,13.9,.229,.383,.340,.724,.318,
Martinez, J.D.,502110,2021,34,570,634,163,90,42,3,28,150,55,23.7,8.7,.286,.518,.349,.866,.364,
Reddick, Josh,502210,2021,34,151,158,39,26,11,0,2,31,6,19.6,3.8,.258,.371,.285,.656,.283,
Freeman, Mike,502273,2021,34,59,65,11,11,0,0,0,20,5,30.8,7.7,.186,.186,.262,.448,.206,
Dyson, Jarrod,502481,2021,37,135,149,28,19,7,2,0,33,10,22.1,6.7,.207,.289,.255,.544,.243,
Goldschmidt, Paul,502671,2021,34,603,679,177,108,36,2,31,136,67,20.0,9.9,.294,.514,.365,.879,.373,
Gonzalez, Marwin,503556,2021,32,276,307,55,36,14,0,5,78,20,25.4,6.5,.199,.304,.274,.578,.259,
Darvish, Yu,506433,2021,35,53,55,5,3,2,0,0,25,0,45.5,0.0,.094,.132,.109,.241,.108,
Leon, Sandy,506702,2021,32,202,220,37,28,5,0,4,65,12,29.5,5.5,.183,.267,.236,.504,.225,
Altuve, Jose,514888,2021,31,601,678,167,103,32,1,31,91,66,13.4,9.7,.278,.489,.350,.839,.357,
Hernandez, Cesar,514917,2021,31,570,637,132,88,21,2,21,135,59,21.2,9.3,.232,.386,.308,.694,.302,
Segura, Jean,516416,2021,31,514,567,149,105,27,3,14,78,39,13.8,6.9,.290,.436,.347,.783,.338,
Castro, Starlin,516770,2021,31,315,346,89,66,20,0,3,62,26,17.9,7.5,.283,.375,.332,.707,.309,
Marte, Starling,516782,2021,33,467,526,145,103,27,3,12,99,43,18.8,8.2,.310,.458,.382,.840,.364,
Bumgarner, Madison,518516,2021,32,39,52,4,3,1,0,0,29,9,55.8,17.3,.103,.128,.269,.397,.217,
Culberson, Charlie,518586,2021,32,247,271,60,38,15,2,5,64,17,23.6,6.3,.243,.381,.292,.672,.292,
d'Arnaud, Travis,518595,2021,32,209,229,46,25,14,0,7,53,17,23.1,7.4,.220,.388,.284,.671,.291,
Donaldson, Josh,518626,2021,36,457,543,113,61,26,0,26,114,74,21.0,13.6,.247,.475,.352,.827,.353,
Freeman, Freddie,518692,2021,32,600,695,180,122,25,2,31,107,85,15.4,12.2,.300,.503,.393,.896,.379,
Grandal, Yasmani,518735,2021,33,279,375,67,35,9,0,23,82,87,21.9,23.2,.240,.520,.419,.938,.403,
Heyward, Jason,518792,2021,32,323,353,69,44,15,2,8,68,27,19.3,7.6,.214,.347,.280,.627,.275,
Kelly, Merrill,518876,2021,33,47,58,3,2,1,0,0,27,4,46.6,6.9,.064,.085,.121,.206,.113,
LeMahieu, DJ,518934,2021,33,597,679,160,125,24,1,10,94,73,13.8,10.8,.268,.362,.349,.711,.315,
Moreland, Mitch,519048,2021,36,229,252,52,30,11,1,10,58,18,23.0,7.1,.227,.415,.286,.701,.300,
Moustakas, Mike,519058,2021,33,183,206,38,20,12,0,6,46,18,22.3,8.7,.208,.372,.282,.653,.284,
Rizzo, Anthony,519203,2021,32,496,576,123,75,23,3,22,87,52,15.1,9.0,.248,.440,.344,.783,.339,
Romine, Austin,519222,2021,33,60,62,13,10,2,0,1,22,2,35.5,3.2,.217,.300,.242,.542,.237,
Sogard, Eric,519299,2021,35,169,180,42,34,6,1,1,30,9,16.7,5.0,.249,.314,.283,.597,.259,
Stanton, Giancarlo,519317,2021,32,510,579,139,85,19,0,35,157,63,27.1,10.9,.273,.516,.354,.870,.370,
Vogt, Stephen,519390,2021,37,210,238,41,27,6,1,7,56,26,23.5,10.9,.195,.333,.282,.615,.270,
Galvis, Freddy,520471,2021,32,356,394,86,56,15,1,14,77,27,19.5,6.9,.242,.407,.299,.707,.305,
Perez, Salvador,521692,2021,31,620,665,169,97,24,0,48,170,28,25.6,4.2,.273,.544,.316,.859,.359,
Flores, Wilmer,527038,2021,30,389,436,102,67,16,1,18,56,41,12.8,9.4,.262,.447,.335,.782,.337,
Garcia, Avisail,541645,2021,30,461,515,121,74,18,0,29,121,38,23.5,7.4,.262,.490,.330,.820,.346,
Inciarte, Ender,542255,2021,31,79,89,17,13,2,0,2,22,7,24.7,7.9,.215,.316,.270,.586,.262,
Ozuna, Marcell,542303,2021,31,188,208,40,27,6,0,7,46,19,22.1,9.1,.213,.356,.288,.645,.284,
Villar, Jonathan,542340,2021,30,454,505,113,75,18,2,18,132,46,26.1,9.1,.249,.416,.321,.737,.320,
Ortega, Rafael,542364,2021,30,296,330,86,59,14,2,11,70,30,21.2,9.1,.291,.463,.358,.820,.355,
Santana, Danny,542454,2021,31,116,127,21,13,2,1,5,30,10,23.6,7.9,.181,.345,.252,.597,.261,
Aguilar, Jesus,542583,2021,31,449,510,117,72,23,0,22,93,46,18.2,9.0,.261,.459,.325,.784,.334,
Berti, Jon,542932,2021,31,233,271,49,34,10,1,4,61,32,22.5,11.8,.210,.313,.310,.623,.282,
Crawford, Brandon,543063,2021,34,483,549,144,87,30,3,24,105,56,19.1,10.2,.298,.522,.373,.895,.377,
Cron, C.J.,543068,2021,31,470,547,132,72,31,1,28,117,60,21.4,11.0,.281,.530,.375,.905,.383,
DeSclafani, Anthony,543101,2021,31,51,62,2,1,1,0,0,33,4,53.2,6.5,.039,.059,.097,.156,.089,
Dickerson, Alex,543105,2021,31,283,312,66,41,10,2,13,76,23,24.4,7.4,.233,.420,.304,.725,.313,
Gomes, Yan,543228,2021,34,349,375,88,58,15,1,14,78,19,20.8,5.1,.252,.421,.301,.723,.308,
Grossman, Robbie,543257,2021,32,557,671,133,84,23,3,23,155,98,23.1,14.6,.239,.415,.356,.771,.337,
Harrison, Josh,543281,2021,34,505,558,141,98,33,2,8,75,31,13.4,5.6,.279,.400,.341,.741,.325,
Hendricks, Kyle,543294,2021,32,52,61,6,5,1,0,0,26,2,42.6,3.3,.115,.135,.131,.266,.130,
Hicks, Aaron,543305,2021,32,108,126,21,14,3,0,4,30,14,23.8,11.1,.194,.333,.294,.627,.279,
Higashioka, Kyle,543309,2021,31,193,211,35,15,10,0,10,59,17,28.0,8.1,.181,.389,.246,.635,.272,
Hosmer, Eric,543333,2021,32,509,565,137,97,28,0,12,99,48,17.5,8.5,.269,.395,.336,.731,.319,
McCann, James,543510,2021,31,375,412,87,64,12,1,10,115,32,27.9,7.8,.232,.349,.294,.643,.281,
Miller, Brad,543543,2021,32,331,377,75,43,9,3,20,112,45,29.7,11.9,.227,.453,.321,.774,.331,
Nola, Austin,543592,2021,32,173,194,47,33,12,0,2,19,14,9.8,7.2,.272,.376,.340,.716,.316,
Rendon, Anthony,543685,2021,31,217,249,52,33,13,0,6,41,29,16.5,11.6,.240,.382,.329,.712,.310,
Semien, Marcus,543760,2021,31,652,724,173,87,39,2,45,146,66,20.2,9.1,.265,.538,.334,.873,.368,
Shaw, Travis,543768,2021,31,220,250,44,24,11,0,9,68,24,27.2,9.6,.200,.373,.284,.657,.289,
Springer III, George,543807,2021,32,299,342,79,37,19,1,22,79,37,23.1,10.8,.264,.555,.351,.906,.381,
Vazquez, Christian,543877,2021,31,458,498,118,88,23,1,6,84,33,16.9,6.6,.258,.352,.307,.659,.289,
Wong, Kolten,543939,2021,31,445,492,121,73,32,2,14,83,31,16.9,6.3,.272,.447,.335,.783,.337,
Gregorius, Didi,544369,2021,31,368,408,77,46,16,2,13,67,25,16.4,6.1,.209,.370,.270,.639,.275,
Garcia, Leury,544725,2021,30,415,474,111,80,22,4,5,97,41,20.5,8.6,.267,.376,.329,.705,.312,
Vargas, Ildemaro,545121,2021,30,77,83,12,8,3,1,0,17,6,20.5,7.2,.156,.221,.217,.438,.192,
Grichuk, Randal,545341,2021,30,511,545,123,75,25,1,22,114,27,20.9,5.0,.241,.423,.281,.703,.300,
Marisnick, Jake,545350,2021,30,176,198,38,23,7,3,5,65,11,32.8,5.6,.216,.375,.283,.658,.287,
Stassi, Max,545358,2021,30,282,319,68,43,11,1,13,101,28,31.7,8.8,.241,.426,.326,.752,.327,
Trout, Mike,545361,2021,30,117,146,39,22,8,1,8,41,27,28.1,18.5,.333,.624,.466,1.090,.451,
Herrera, Odubel,546318,2021,30,450,492,117,75,27,2,13,77,29,15.7,5.9,.260,.416,.309,.724,.312,
Alford, Anthony,546990,2021,27,133,148,31,19,6,1,5,58,12,39.2,8.1,.233,.406,.311,.717,.310,
Almora Jr., Albert,546991,2021,27,52,54,6,3,3,0,0,17,2,31.5,3.7,.115,.173,.148,.321,.143,
Ruiz, Rio,547004,2021,27,125,141,21,14,4,0,3,38,12,27.0,8.5,.168,.272,.241,.513,.231,
Harper, Bryce,547180,2021,29,488,599,151,73,42,1,35,134,100,22.4,16.7,.309,.615,.427,1.042,.431,
Perez, Roberto,547379,2021,33,141,161,21,11,3,0,7,56,17,34.8,10.6,.149,.319,.242,.561,.251,
Abreu, Jose,547989,2021,34,566,659,148,86,30,2,30,143,61,21.7,9.3,.261,.481,.351,.831,.354,
Diaz, Elias,553869,2021,31,338,371,83,46,18,1,18,60,30,16.2,8.1,.246,.464,.310,.774,.330,
Narvaez, Omar,553882,2021,29,391,445,104,73,20,0,11,84,41,18.9,9.2,.266,.402,.342,.743,.322,
Astudillo, Willians,553902,2021,30,208,216,49,34,8,0,7,12,3,5.6,1.4,.236,.375,.259,.634,.272,
Suarez, Eugenio,553993,2021,30,505,574,100,46,23,0,31,171,56,29.8,9.8,.198,.428,.286,.713,.306,
Wheeler, Zack,554430,2021,31,68,73,11,9,2,0,0,39,0,53.4,0.0,.162,.191,.151,.342,.153,
Polanco, Gregory,570256,2021,30,336,382,70,45,12,2,11,104,36,27.2,9.4,.208,.354,.283,.637,.275,
Gonzalez, Erik,570481,2021,30,220,229,51,41,7,1,2,40,8,17.5,3.5,.232,.300,.258,.558,.244,
Urshela, Gio,570482,2021,30,420,442,112,78,18,2,14,109,20,24.7,4.5,.267,.419,.301,.720,.309,
Schoop, Jonathan,570731,2021,30,623,674,173,120,30,1,22,133,37,19.7,5.5,.278,.435,.320,.755,.324,
Arenado, Nolan,571448,2021,30,593,653,151,80,34,3,34,96,50,14.7,7.7,.255,.494,.312,.807,.336,
Barnhart, Tucker,571466,2021,30,348,388,86,58,21,0,7,100,29,25.8,7.5,.247,.368,.317,.685,.300,
Corbin, Patrick,571578,2021,32,53,63,7,7,0,0,0,24,3,38.1,4.8,.132,.132,.159,.291,.147,
Farmer, Kyle,571657,2021,31,483,529,127,87,22,2,16,97,22,18.3,4.2,.263,.416,.316,.732,.316,
Goodwin, Brian,571718,2021,31,235,271,52,33,10,1,8,58,33,21.4,12.2,.221,.374,.317,.692,.306,
Hamilton, Billy,571740,2021,31,127,135,28,15,8,3,2,47,4,34.8,3.0,.220,.378,.237,.615,.262,
Haniger, Mitch,571745,2021,31,620,691,157,93,23,2,39,169,54,24.5,7.8,.253,.485,.318,.804,.340,
Hernandez, Enrique,571771,2021,30,508,585,127,69,35,3,20,110,61,18.8,10.4,.250,.449,.337,.786,.338,
Holt, Brock,571788,2021,33,235,260,49,33,13,1,2,49,23,18.8,8.8,.209,.298,.281,.579,.259,
Lamb, Jake,571875,2021,31,144,170,28,17,4,0,7,51,22,30.0,12.9,.194,.368,.306,.674,.298,
Muncy, Max,571970,2021,31,497,592,124,60,26,2,36,120,83,20.3,14.0,.249,.527,.368,.895,.379,
Myers, Wil,571976,2021,31,442,500,113,70,24,2,17,141,54,28.2,10.8,.256,.434,.334,.768,.330,
Naquin, Tyler,571980,2021,30,411,454,111,66,24,2,19,106,35,23.3,7.7,.270,.477,.333,.809,.345,
Owings, Chris,572008,2021,30,43,50,14,6,4,3,1,15,7,30.0,14.0,.326,.628,.420,1.048,.431,
Piscotty, Stephen,572039,2021,30,173,188,38,25,8,0,5,48,13,25.5,6.9,.220,.353,.282,.635,.279,
Pollock, AJ,572041,2021,34,384,422,114,65,27,1,21,80,30,19.0,7.1,.297,.536,.355,.892,.375,
Seager, Kyle,572122,2021,34,603,670,128,63,29,1,35,161,59,24.0,8.8,.212,.438,.285,.723,.308,
Taylor, Michael A.,572191,2021,30,483,528,118,89,16,1,12,144,33,27.3,6.3,.244,.356,.295,.652,.286,
Voit III, Luke,572228,2021,30,213,241,51,32,7,1,11,74,21,30.7,8.7,.239,.437,.328,.764,.332,
Walker, Christian,572233,2021,30,401,445,98,64,23,1,10,106,38,23.8,8.5,.244,.382,.315,.696,.304,
Zunino, Mike,572287,2021,30,333,375,72,26,11,2,33,132,34,35.2,9.1,.216,.559,.301,.860,.358,
Carpenter, Matt,572761,2021,36,207,249,35,20,11,1,3,77,35,30.9,14.1,.169,.275,.305,.581,.269,
Dickerson, Corey,572816,2021,32,336,365,91,62,18,5,6,68,25,18.6,6.8,.271,.408,.326,.734,.317,
Garneau, Dustin,572863,2021,34,62,68,13,2,5,0,6,18,3,26.5,4.4,.210,.581,.250,.831,.335,
Ruf, Darin,573131,2021,35,262,312,71,40,13,2,16,87,46,27.9,14.7,.271,.519,.385,.904,.384,
Stroman, Marcus,573186,2021,30,51,58,5,3,2,0,0,24,4,41.4,6.9,.098,.137,.155,.292,.143,
Yastrzemski, Mike,573262,2021,31,468,532,105,49,28,3,25,131,51,24.6,9.6,.224,.457,.310,.767,.326,
Contreras, Willson,575929,2021,29,413,483,98,57,20,0,21,138,52,28.6,10.8,.237,.438,.340,.778,.337,
Iglesias, Jose,578428,2021,31,483,511,131,93,27,2,9,75,21,14.7,4.1,.271,.391,.309,.701,.304,
Torreyes, Ronald,591720,2021,29,318,344,77,59,10,1,7,41,19,11.9,5.5,.242,.346,.282,.628,.274,
Valera, Breyvic,591971,2021,29,87,97,22,15,6,0,1,12,8,12.4,8.2,.253,.356,.309,.666,.293,
Bryant, Kris,592178,2021,29,513,586,136,77,32,2,25,135,62,23.0,10.6,.265,.481,.353,.835,.356,
Canha, Mark,592192,2021,32,519,625,120,77,22,4,17,128,77,20.5,12.3,.231,.387,.358,.746,.333,
Casali, Curt,592200,2021,33,200,231,42,25,11,1,5,66,26,28.6,11.3,.210,.350,.312,.662,.289,
Castellanos, Nick,592206,2021,29,531,585,164,91,38,1,34,121,41,20.7,7.0,.309,.576,.362,.939,.391,
DeShields, Delino,592261,2021,29,47,58,12,6,5,0,1,11,9,19.0,15.5,.255,.426,.362,.788,.352,
Drury, Brandon,592273,2021,29,84,88,23,14,5,0,4,22,3,25.0,3.4,.274,.476,.307,.783,.333,
Gamel, Ben,592325,2021,29,340,400,84,55,18,3,8,105,51,26.3,12.8,.247,.388,.345,.733,.322,
Gausman, Kevin,592332,2021,30,54,62,10,10,0,0,0,31,2,50.0,3.2,.185,.185,.194,.379,.178,
Goodrum, Niko,592348,2021,29,290,325,62,40,11,2,9,107,29,32.9,8.9,.214,.359,.292,.651,.286,
Gray, Jon,592351,2021,30,47,50,5,5,0,0,0,32,0,64.0,0.0,.106,.106,.100,.206,.094,
Jones, JaCoby,592444,2021,29,100,105,17,13,2,0,2,42,5,40.0,4.8,.170,.250,.210,.460,.204,
Judge, Aaron,592450,2021,29,550,633,158,95,24,0,39,158,75,25.0,11.8,.287,.544,.373,.916,.387,
Machado, Manny,592518,2021,29,564,640,157,96,31,2,28,102,63,15.9,9.8,.278,.489,.347,.836,.350,
Marmolejos, Jose,592530,2021,28,106,122,17,9,4,0,4,39,15,32.0,12.3,.160,.311,.262,.574,.256,
Moran, Colin,592567,2021,29,318,359,82,60,12,0,10,87,36,24.2,10.0,.258,.390,.334,.724,.318,
Pederson, Joc,592626,2021,29,429,481,102,62,19,3,18,117,39,24.3,8.1,.238,.422,.310,.732,.315,
Ramos, Henry,592656,2021,29,50,55,10,7,2,0,1,12,4,21.8,7.3,.200,.300,.255,.555,.244,
Realmuto, J.T.,592663,2021,30,476,537,125,79,25,4,17,129,48,24.0,8.9,.263,.439,.343,.782,.336,
Renfroe, Hunter,592669,2021,29,521,572,135,71,33,0,31,130,44,22.7,7.7,.259,.501,.315,.816,.344,
Rosario, Eddie,592696,2021,30,379,412,98,62,19,3,14,61,26,14.8,6.3,.259,.435,.303,.739,.316,
Simmons, Andrelton,592743,2021,32,412,451,92,77,12,0,3,62,32,13.7,7.1,.223,.274,.282,.556,.252,
Walker, Taijuan,592836,2021,29,47,51,5,5,0,0,0,29,1,56.9,2.0,.106,.106,.137,.244,.119,
Wilkerson, Stevie,592859,2021,29,72,76,12,9,3,0,0,30,3,39.5,3.9,.167,.208,.211,.419,.190,
Yelich, Christian,592885,2021,30,399,475,99,69,19,2,9,113,70,23.8,14.7,.248,.373,.362,.736,.325,
Merrifield, Whit,593160,2021,32,664,720,184,129,42,3,10,103,40,14.3,5.6,.277,.395,.317,.711,.306,
Bogaerts, Xander,593428,2021,29,529,603,156,98,34,1,23,113,62,18.7,10.3,.295,.493,.370,.863,.368,
Rivas, Webster,593590,2021,31,68,77,15,11,2,0,2,16,8,20.8,10.4,.221,.338,.299,.637,.286,
Alberto, Hanser,593643,2021,29,241,255,65,40,20,3,2,26,4,10.2,1.6,.270,.402,.286,.689,.296,
Polanco, Jorge,593871,2021,28,588,644,158,88,35,2,33,118,45,18.3,7.0,.269,.503,.323,.826,.349,
Sano, Miguel,593934,2021,28,470,532,105,51,24,0,30,183,59,34.4,11.1,.223,.466,.312,.778,.332,
Difo, Wilmer,594694,2021,29,219,240,59,45,7,3,4,54,20,22.5,8.3,.269,.384,.329,.713,.312,
Calhoun, Kole,594777,2021,34,166,182,39,26,8,0,5,41,15,22.5,8.2,.235,.373,.297,.670,.292,
Duvall, Adam,594807,2021,33,513,555,117,60,17,2,38,174,35,31.4,6.3,.228,.491,.281,.772,.324,
Eaton, Adam,594809,2021,33,254,288,51,33,10,2,6,71,22,24.7,7.6,.201,.327,.278,.605,.271,
Gosselin, Phil,594838,2021,33,345,373,90,69,14,0,7,81,24,21.7,6.4,.261,.362,.314,.676,.297,
Kiermaier, Kevin,595281,2021,31,348,390,90,60,19,7,4,99,33,25.4,8.5,.259,.388,.328,.716,.310,
Knapp, Andrew,595284,2021,30,145,159,22,17,3,0,2,61,10,38.4,6.3,.152,.214,.214,.428,.196,
Wallach, Chad,595453,2021,30,60,66,12,9,2,1,0,32,3,48.5,4.5,.200,.267,.242,.509,.224,
Alfaro, Jorge,595751,2021,28,295,311,72,52,15,1,4,99,11,31.8,3.5,.244,.342,.283,.625,.274,
Profar, Jurickson,595777,2021,28,353,412,80,57,17,2,4,65,49,15.8,11.9,.227,.320,.328,.648,.293,
Baez, Javier,595879,2021,29,502,547,133,82,18,2,31,184,28,33.6,5.1,.265,.494,.318,.812,.344,
Cave, Jake,595909,2021,29,164,178,31,21,6,1,3,62,10,34.8,5.6,.189,.293,.247,.540,.241,
Evans, Phillip,595943,2021,29,214,247,44,34,5,0,5,53,28,21.5,11.3,.206,.299,.312,.611,.278,
Gallagher, Cam,595956,2021,29,112,124,28,21,6,0,1,20,8,16.1,6.5,.250,.330,.290,.621,.276,
Hedges, Austin,595978,2021,29,286,312,51,34,7,0,10,87,15,27.9,4.8,.178,.308,.215,.522,.227,
Lindor, Francisco,596019,2021,28,452,524,104,65,16,3,20,96,58,18.3,11.1,.230,.412,.319,.730,.317,
Nogowski Jr., John,596056,2021,28,129,143,30,22,7,0,1,22,12,15.4,8.4,.233,.310,.301,.611,.273,
Odor, Rougned,596059,2021,27,322,361,65,38,12,0,15,100,27,27.7,7.5,.202,.379,.285,.664,.289,
Slater, Austin,596103,2021,29,274,306,66,41,12,1,12,84,28,27.5,9.2,.241,.423,.320,.744,.321,
Story, Trevor,596115,2021,29,526,595,132,69,34,5,24,139,53,23.4,8.9,.251,.471,.329,.801,.341,
Vogelbach, Daniel,596129,2021,29,215,258,47,30,8,0,9,57,43,22.1,16.7,.219,.381,.349,.730,.323,
Sanchez, Gary,596142,2021,29,383,440,78,41,13,1,23,121,52,27.5,11.8,.204,.423,.307,.730,.314,
Kepler, Max,596146,2021,28,426,490,90,46,21,4,19,96,54,19.6,11.0,.211,.413,.306,.719,.309,
Quinn, Roman,596451,2021,28,52,62,9,5,2,2,0,19,6,30.6,9.7,.173,.288,.306,.595,.275,
Franco, Maikel,596748,2021,29,377,403,79,46,22,0,11,67,20,16.6,5.0,.210,.355,.253,.609,.263,
Garcia, Robel,596825,2021,28,106,117,16,12,3,0,1,42,8,35.9,6.8,.151,.208,.214,.421,.194,
Choi, Ji-Man,596847,2021,30,258,305,59,34,14,0,11,87,45,28.5,14.8,.229,.411,.348,.758,.334,
Bradley Jr., Jackie,598265,2021,31,387,428,63,40,14,3,6,132,28,30.8,6.5,.163,.261,.236,.497,.224,
La Stella, Tommy,600303,2021,32,220,242,55,36,11,1,7,26,18,10.7,7.4,.250,.405,.306,.710,.307,
Severino, Pedro,600474,2021,28,379,419,94,65,18,0,11,109,34,26.0,8.1,.248,.383,.308,.690,.299,
Nunez, Renato,600524,2021,27,53,55,10,3,3,0,4,16,1,29.1,1.8,.189,.472,.218,.690,.287,
Candelario, Jeimer,600869,2021,28,557,626,151,90,42,3,16,135,65,21.6,10.4,.271,.443,.351,.795,.344,
Daza, Yonathan,602074,2021,27,301,331,85,69,12,2,2,60,21,18.1,6.3,.282,.355,.326,.682,.304,
Urias, Ramon,602104,2021,27,262,296,73,52,14,0,7,76,28,25.7,9.5,.279,.412,.361,.774,.341,
Rondon, Jose,602922,2021,27,80,90,21,15,3,0,3,17,8,18.9,8.9,.263,.413,.322,.735,.316,
Ahmed, Nick,605113,2021,31,434,473,96,58,30,3,5,104,34,22.0,7.2,.221,.339,.279,.618,.269,
Anderson, Brian,605119,2021,28,233,264,58,42,9,0,7,65,26,24.6,9.8,.249,.378,.337,.715,.314,
Barnes, Austin,605131,2021,32,200,225,43,29,8,0,6,56,20,24.9,8.9,.215,.345,.298,.643,.285,
Bell, Josh,605137,2021,29,498,568,130,78,24,1,27,101,65,17.8,11.4,.261,.476,.347,.823,.352,
Betts, Mookie,605141,2021,29,466,550,123,68,29,3,23,86,68,15.6,12.4,.264,.487,.367,.854,.365,
Caratini, Victor,605170,2021,28,313,356,71,55,9,0,7,82,35,23.0,9.8,.227,.323,.309,.632,.273,
Davis, J.D.,605204,2021,28,179,211,51,34,12,0,5,68,24,32.2,11.4,.285,.436,.384,.820,.357,
Garcia, Aramis,605244,2021,28,88,94,18,14,1,0,3,28,1,29.8,1.1,.205,.318,.234,.552,.244,
Musgrove, Joe,605397,2021,29,51,57,7,5,2,0,0,23,1,40.4,1.8,.137,.176,.140,.317,.143,
Nola, Aaron,605400,2021,28,49,63,7,5,2,0,0,29,6,46.0,9.5,.143,.184,.206,.390,.197,
Panik, Joe,605412,2021,31,236,257,49,37,9,0,3,34,17,13.2,6.6,.208,.284,.265,.548,.244,
Perez, Michael,605421,2021,29,210,231,30,14,8,1,7,68,19,29.4,8.2,.143,.290,.221,.511,.225,
Woodruff, Brandon,605540,2021,28,52,58,6,6,0,0,0,28,3,48.3,5.2,.115,.115,.155,.271,.134,
Zimmer, Bradley,605548,2021,29,299,348,68,50,9,1,8,122,30,35.1,8.6,.227,.344,.325,.669,.300,
Castro, Harold,605612,2021,28,315,339,89,72,13,1,3,72,14,21.2,4.1,.283,.359,.307,.666,.291,
Arcia, Orlando,606115,2021,27,81,89,16,11,3,0,2,19,7,21.3,7.9,.198,.309,.258,.567,.245,
Tapia, Raimel,606132,2021,27,487,533,133,99,26,2,6,70,40,13.1,7.5,.273,.372,.326,.698,.305,
Aquino, Aristides,606157,2021,27,174,204,33,16,6,1,10,75,27,36.8,13.2,.190,.408,.299,.707,.303,
Hernandez, Teoscar,606192,2021,29,550,595,163,102,29,0,32,148,36,24.9,6.1,.296,.524,.346,.870,.369,
Mercedes, Yermin,606213,2021,28,240,262,65,48,9,1,7,46,20,17.6,7.6,.271,.404,.328,.732,.317,
Peraza, Jose,606299,2021,27,142,154,29,16,7,0,6,26,9,16.9,5.8,.204,.380,.266,.647,.280,
Marte, Ketel,606466,2021,28,340,374,108,64,29,1,14,60,31,16.0,8.3,.318,.532,.377,.909,.385,
Greiner, Grayson,606988,2021,29,72,82,17,12,4,0,1,31,9,37.8,11.0,.236,.333,.317,.650,.293,
Haase, Eric,606992,2021,29,351,381,81,46,12,1,22,119,26,31.2,6.8,.231,.459,.286,.745,.316,
Nimmo, Brandon,607043,2021,28,325,386,95,67,17,3,8,79,54,20.5,14.0,.292,.437,.399,.836,.370,
Peterson, Jace,607054,2021,31,259,302,64,46,11,1,6,68,38,22.5,12.6,.247,.367,.348,.714,.318,
Turner, Trea,607208,2021,28,595,646,195,130,34,3,28,110,41,17.0,6.3,.328,.536,.375,.911,.386,
Smith, Kevan,607345,2021,33,95,106,16,13,3,0,0,31,10,29.2,9.4,.168,.200,.245,.445,.196,
Beaty, Matt,607461,2021,28,204,234,55,43,4,1,7,44,20,18.8,8.5,.270,.402,.363,.765,.339,
Blandino, Alex,607468,2021,29,70,82,14,10,4,0,0,28,8,34.1,9.8,.200,.257,.317,.574,.270,
Pillar, Kevin,607680,2021,32,325,347,75,47,11,2,15,81,11,23.3,3.2,.231,.415,.277,.692,.296,
Stallings, Jacob,607732,2021,32,374,427,92,63,20,1,8,85,49,19.9,11.5,.246,.369,.335,.704,.312,
Ramirez, Jose,608070,2021,29,552,636,147,74,32,5,36,87,72,13.7,11.3,.266,.538,.355,.893,.372,
Bregman, Alex,608324,2021,27,348,400,94,65,17,0,12,53,44,13.3,11.0,.270,.422,.355,.777,.336,
Fried, Max,608331,2021,27,55,67,15,12,3,0,0,18,4,26.9,6.0,.273,.327,.284,.611,.289,
Gallo, Joey,608336,2021,28,498,616,99,47,13,1,38,213,111,34.6,18.0,.199,.458,.351,.808,.348,
Kelly, Carson,608348,2021,27,304,359,73,48,11,1,13,74,44,20.6,12.3,.240,.411,.343,.754,.328,
Seager, Corey,608369,2021,27,353,409,108,67,22,3,16,66,48,16.1,11.7,.306,.521,.394,.915,.389,
Winker, Jesse,608385,2021,28,423,485,129,72,32,1,24,75,53,15.5,10.9,.305,.556,.394,.949,.403,
Marquez, German,608566,2021,26,53,60,14,8,5,0,1,13,0,21.7,0.0,.264,.415,.233,.648,.288,
Mazara, Nomar,608577,2021,26,165,181,35,25,5,2,3,45,15,24.9,8.3,.212,.321,.276,.597,.264,
Murphy, Tom,608596,2021,30,277,325,56,37,8,0,11,99,40,30.5,12.3,.202,.350,.302,.652,.291,
Jankowski, Travis,608671,2021,30,131,157,33,24,6,2,1,29,22,18.5,14.0,.252,.351,.357,.708,.312,
Mayfield, Jack,608686,2021,31,266,290,58,33,15,0,10,68,17,23.4,5.9,.218,.387,.269,.656,.284,
Plawecki, Kevin,608700,2021,30,157,173,45,35,7,0,3,26,12,15.0,6.9,.287,.389,.347,.735,.325,
Refsnyder, Rob,608701,2021,30,139,157,34,25,7,0,2,40,17,25.5,10.8,.245,.338,.325,.663,.296,
Mondesi, Adalberto,609275,2021,26,126,136,29,14,8,1,6,43,6,31.6,4.4,.230,.452,.265,.717,.306,
Andujar, Miguel,609280,2021,26,154,162,39,31,2,0,6,28,7,17.3,4.3,.253,.383,.284,.667,.288,
Vosler, Jason,613564,2021,28,73,82,13,6,4,0,3,21,7,25.6,8.5,.178,.356,.256,.612,.261,
Cordero, Franchy,614173,2021,27,127,136,24,17,6,0,1,51,8,37.5,5.9,.189,.260,.235,.495,.222,
Reyes, Franmil,614177,2021,26,418,466,106,56,18,2,30,149,43,32.0,9.2,.254,.522,.324,.846,.354,
Torrens, Luis,620443,2021,25,346,378,84,51,16,2,15,99,28,26.2,7.4,.243,.431,.299,.730,.311,
Robertson, Daniel,621002,2021,27,73,90,12,8,2,0,2,28,12,31.1,13.3,.164,.274,.300,.574,.265,
Martin Jr., Richie,621006,2021,27,98,105,23,20,2,0,1,28,4,26.7,3.8,.235,.286,.267,.552,.246,
Schrock, Max,621011,2021,27,125,134,36,24,7,2,3,24,8,17.9,6.0,.288,.448,.328,.776,.329,
Swanson, Dansby,621020,2021,27,588,653,146,84,33,2,27,167,52,25.6,8.0,.248,.449,.311,.760,.322,
Newman, Kevin,621028,2021,28,517,554,117,87,22,3,5,41,27,7.4,4.9,.226,.309,.262,.571,.249,
Taylor, Chris,621035,2021,31,507,582,129,80,25,4,20,167,63,28.7,10.8,.254,.438,.344,.782,.338,
Correa, Carlos,621043,2021,27,555,640,155,94,34,1,26,116,75,18.1,11.7,.279,.485,.366,.850,.364,
Buehler, Walker,621111,2021,27,69,82,7,5,2,0,0,45,5,54.9,6.1,.101,.130,.146,.277,.140,
Dahl, David,621311,2021,27,205,220,43,28,11,0,4,59,10,26.8,4.5,.210,.322,.245,.567,.246,
Phillips, Brett,621433,2021,27,253,292,52,26,9,4,13,113,33,38.7,11.3,.206,.427,.298,.725,.313,
Taylor, Tyrone,621438,2021,27,243,271,60,36,9,3,12,59,20,21.8,7.4,.247,.457,.321,.778,.333,
Buxton, Byron,621439,2021,28,235,254,72,30,23,0,19,62,13,24.4,5.1,.306,.647,.358,1.005,.419,
Brinson, Lewis,621446,2021,27,274,290,62,39,14,0,9,72,13,24.8,4.5,.226,.376,.262,.638,.275,
Bolt, Skye,621450,2021,27,57,60,5,3,1,0,1,15,1,25.0,1.7,.088,.158,.100,.258,.113,
Duggar, Steven,621453,2021,28,268,297,69,42,14,5,8,88,27,29.6,9.1,.257,.437,.330,.767,.327,
Rios, Edwin,621458,2021,27,51,60,4,3,0,0,1,18,7,30.0,11.7,.078,.137,.217,.354,.182,
Stewart, DJ,621466,2021,28,270,318,55,33,10,0,12,89,44,28.0,13.8,.204,.374,.324,.698,.310,
Ward, Taylor,621493,2021,28,208,237,52,29,15,0,8,55,20,23.2,8.4,.250,.438,.329,.767,.333,
Mathisen, Wyatt,621500,2021,28,42,51,5,4,0,0,1,21,5,41.2,9.8,.119,.190,.255,.445,.219,
Nido, Tomas,621512,2021,27,153,161,34,25,5,1,3,44,5,27.3,3.1,.222,.327,.261,.588,.254,
Wisdom, Patrick,621550,2021,30,338,375,78,37,13,0,28,153,32,40.8,8.5,.231,.518,.304,.822,.346,
Wendle, Joey,621563,2021,31,460,501,122,76,31,4,11,113,28,22.6,5.6,.265,.422,.319,.741,.317,
Olson, Matt,621566,2021,27,565,673,153,79,35,0,39,113,88,16.8,13.1,.271,.540,.371,.911,.379,
Jones, Taylor,622100,2021,28,102,108,25,14,8,1,2,29,4,26.9,3.7,.245,.402,.269,.670,.283,
Duffy, Matt,622110,2021,30,289,322,83,66,12,0,5,63,25,19.6,7.8,.287,.381,.357,.738,.327,
Walton, Donovan,622268,2021,27,63,69,13,8,2,1,2,15,4,21.7,5.8,.206,.365,.246,.611,.267,
Castillo, Luis,622491,2021,29,49,59,8,6,2,0,0,23,1,39.0,1.7,.163,.204,.153,.357,.169,
Margot, Manuel,622534,2021,27,421,464,107,76,18,3,10,70,37,15.1,8.0,.254,.382,.313,.695,.301,
Reyes, Pablo,622569,2021,28,78,87,20,14,5,0,1,15,9,17.2,10.3,.256,.359,.333,.692,.303,
Senzatela, Antonio,622608,2021,26,39,51,2,2,0,0,0,19,0,37.3,0.0,.051,.051,.039,.090,.045,
Reyes, Victor,622682,2021,27,209,220,54,35,10,4,5,55,8,25.0,3.6,.258,.416,.282,.698,.298,
Mateo, Jorge,622761,2021,26,194,209,48,32,11,1,4,55,9,26.3,4.3,.247,.376,.292,.668,.291,
Velazquez, Andrew,623205,2021,27,67,68,15,9,4,1,1,23,1,33.8,1.5,.224,.358,.235,.594,.252,
Bote, David,623520,2021,28,291,327,58,38,10,2,8,73,27,22.3,8.3,.199,.330,.275,.605,.268,
Ramirez, Harold,623912,2021,27,339,361,91,62,21,1,7,56,14,15.5,3.9,.268,.398,.305,.703,.302,
Santander, Anthony,623993,2021,27,406,438,98,56,24,0,18,101,23,23.1,5.3,.241,.433,.285,.719,.307,
Alonso, Pete,624413,2021,27,561,637,147,80,27,3,37,127,60,19.9,9.4,.262,.519,.344,.863,.363,
Arroyo, Christian,624414,2021,26,164,181,43,25,12,0,6,44,8,24.3,4.4,.262,.445,.320,.766,.332,
Biggio, Cavan,624415,2021,26,250,294,56,38,10,1,7,78,37,26.5,12.6,.224,.356,.320,.676,.298,
Conforto, Michael,624424,2021,28,406,479,94,60,20,0,14,104,59,21.7,12.3,.232,.384,.344,.729,.322,
Frazier, Adam,624428,2021,30,577,639,176,130,36,5,5,69,48,10.8,7.5,.305,.411,.366,.777,.341,
Trevino, Jose,624431,2021,29,285,302,68,49,14,0,5,57,12,18.9,4.0,.239,.340,.265,.605,.261,
Gordon, Nick,624503,2021,26,200,216,48,34,9,1,4,55,12,25.5,5.6,.240,.355,.292,.647,.283,
McGuire, Reese,624512,2021,26,198,217,50,34,15,0,1,44,15,20.3,6.9,.253,.343,.309,.652,.289,
Nunez, Dom,624513,2021,26,228,263,43,18,12,3,10,91,34,34.6,12.9,.189,.399,.293,.692,.294,
Soler, Jorge,624585,2021,29,516,602,115,61,27,0,27,142,67,23.6,11.1,.223,.432,.312,.744,.323,
Sosa, Edmundo,624641,2021,25,288,326,78,60,8,4,6,63,17,19.3,5.2,.271,.389,.344,.732,.322,
Heredia, Guillermo,628338,2021,30,305,347,67,36,26,0,5,81,32,23.3,9.2,.220,.354,.311,.665,.292,
Hernandez, Yadiel,628450,2021,34,264,289,72,54,8,1,9,59,22,20.4,7.6,.273,.413,.329,.742,.320,
Ibanez, Andy,628451,2021,28,253,272,70,46,15,2,7,35,15,12.9,5.5,.277,.435,.320,.755,.325,
Urias, Julio,628711,2021,25,59,70,12,10,2,0,0,22,0,31.4,0.0,.203,.237,.186,.423,.200,
Cronenworth, Jake,630105,2021,27,567,643,151,90,33,7,21,90,55,14.0,8.6,.266,.460,.336,.796,.341,
Frazier, Clint,640449,2021,27,183,218,34,20,9,0,5,65,32,29.8,14.7,.186,.317,.317,.633,.289,
Meadows, Austin,640457,2021,26,518,591,121,62,29,3,27,122,59,20.6,10.0,.234,.458,.315,.772,.327,
Mercado, Oscar,640458,2021,27,214,238,48,30,11,1,6,42,21,17.6,8.8,.224,.369,.298,.667,.294,
Pinder, Chad,640461,2021,29,214,233,52,29,16,1,6,62,16,26.6,6.9,.243,.411,.300,.712,.307,
Anderson, Tim,641313,2021,28,527,551,163,115,29,2,17,119,22,21.6,4.0,.309,.469,.338,.806,.345,
Bauers, Jake,641343,2021,26,282,315,59,48,7,0,4,78,30,24.8,9.5,.209,.277,.289,.565,.257,
Bellinger, Cody,641355,2021,26,315,350,52,31,9,2,10,94,31,26.9,8.9,.165,.302,.240,.542,.237,
Calhoun, Willie,641432,2021,27,260,284,65,46,10,3,6,34,21,12.0,7.4,.250,.381,.310,.691,.301,
Collins, Zack,641470,2021,26,195,231,41,24,13,0,4,69,34,29.9,14.7,.210,.338,.329,.667,.299,
Crawford, J.P.,641487,2021,26,619,687,169,123,37,0,9,114,58,16.6,8.4,.273,.376,.338,.714,.314,
Davis, Jonathan,641505,2021,29,87,103,11,9,1,0,1,26,12,25.2,11.7,.126,.172,.252,.425,.210,
Dozier, Hunter,641531,2021,30,487,543,105,56,27,6,16,154,43,28.4,7.9,.216,.394,.285,.680,.293,
Engel, Adam,641553,2021,30,123,140,31,15,9,0,7,31,11,22.1,7.9,.252,.496,.336,.832,.354,
Fargas, Johneshwy,641561,2021,27,52,54,13,8,3,2,0,15,1,27.8,1.9,.250,.385,.259,.644,.275,
Fraley, Jake,641584,2021,26,214,265,45,29,7,0,9,71,46,26.8,17.4,.210,.369,.351,.720,.322,
Garver, Mitch,641598,2021,30,207,243,53,25,15,0,13,71,31,29.2,12.8,.256,.517,.358,.875,.372,
Guillorme, Luis,641645,2021,27,132,156,35,31,3,0,1,23,23,14.7,14.7,.265,.311,.372,.682,.311,
Hampson, Garrett,641658,2021,27,453,494,106,68,21,6,11,118,33,23.9,6.7,.234,.380,.287,.667,.288,
Heim, Jonah,641680,2021,26,265,285,52,29,13,0,10,58,15,20.4,5.3,.196,.358,.239,.597,.256,
Lewis, Kyle,641786,2021,26,130,147,32,23,4,0,5,37,16,25.2,10.9,.246,.392,.333,.726,.320,
Locastro, Tim,641796,2021,29,139,156,25,19,4,0,2,33,7,21.2,4.5,.180,.252,.263,.515,.237,
Mahle, Tyler,641816,2021,27,55,66,3,3,0,0,0,19,4,28.8,6.1,.055,.055,.106,.161,.092,
Mancini III, Trey,641820,2021,29,556,616,142,87,33,1,21,143,51,23.2,8.3,.255,.432,.326,.758,.326,
Martin, Jason,641829,2021,26,144,154,30,21,3,0,6,41,8,26.6,5.2,.208,.354,.247,.601,.260,
McKinney, Billy,641856,2021,27,265,300,51,28,11,3,9,79,32,26.3,10.7,.192,.358,.280,.638,.277,
McMahon, Ryan,641857,2021,27,528,596,134,78,32,1,23,147,59,24.7,9.9,.254,.449,.331,.779,.334,
Neuse, Sheldon,641914,2021,27,65,66,11,7,1,0,3,26,1,39.4,1.5,.169,.323,.182,.505,.214,
O'Neill, Tyler,641933,2021,26,482,537,138,76,26,2,34,168,38,31.3,7.1,.286,.560,.352,.912,.384,
Sisco, Chance,642082,2021,26,74,83,11,8,3,0,0,21,7,25.3,8.4,.149,.189,.241,.430,.205,
Smith, Dominic,642086,2021,26,446,493,109,78,20,0,11,112,32,22.7,6.5,.244,.363,.304,.667,.291,
Tellez, Rowdy,642133,2021,26,297,325,72,45,14,2,11,65,23,20.0,7.1,.242,.414,.305,.719,.306,
Valaika, Pat,642162,2021,29,259,281,52,39,8,0,5,76,16,27.0,5.7,.201,.290,.249,.539,.238,
VanMeter, Josh,642165,2021,26,274,310,58,33,17,2,6,83,33,26.8,10.6,.212,.354,.297,.651,.287,
Wade, Tyler,642180,2021,27,127,145,34,28,5,1,0,37,16,25.5,11.0,.268,.323,.352,.675,.304,
White, Eli,642201,2021,27,198,220,35,22,6,1,6,66,18,30.0,8.2,.177,.308,.259,.567,.253,
Williams, Justin,642211,2021,26,119,137,19,15,0,0,4,46,17,33.6,12.4,.160,.261,.270,.531,.229,
Wong, Kean,642221,2021,26,60,66,10,7,2,1,0,17,2,25.8,3.0,.167,.233,.182,.415,.187,
Mejia, Francisco,642336,2021,26,250,277,65,41,15,3,6,49,17,17.7,6.1,.260,.416,.321,.737,.320,
Sierra, Magneuris,642423,2021,25,209,225,48,41,6,1,0,50,15,22.2,6.7,.230,.268,.280,.548,.239,
Rosario, Amed,642708,2021,26,550,588,155,113,25,6,11,120,31,20.4,5.3,.282,.409,.321,.731,.315,
Adames, Willy,642715,2021,26,497,555,130,72,32,1,25,156,57,28.1,10.3,.262,.481,.337,.818,.349,
Gutierrez, Kelvin,642721,2021,27,272,295,63,49,8,3,3,76,19,25.8,6.4,.232,.316,.292,.608,.270,
Alcantara, Sergio,642727,2021,25,220,255,45,31,6,3,5,74,30,29.0,11.8,.205,.327,.302,.629,.279,
Estrada, Thairo,642731,2021,25,121,132,33,22,4,0,7,23,9,17.4,6.8,.273,.479,.333,.813,.346,
Leyba, Domingo,642736,2021,26,87,96,10,8,1,0,1,23,8,24.0,8.3,.115,.161,.198,.359,.172,
Wynns, Austin,642851,2021,31,130,139,24,16,4,0,4,31,8,22.3,5.8,.185,.308,.230,.538,.236,
Benintendi, Andrew,643217,2021,27,493,538,136,90,27,2,17,97,36,18.0,6.7,.276,.442,.323,.766,.328,
Cooper, Garrett,643265,2021,31,215,250,61,41,10,1,9,68,30,27.2,12.0,.284,.465,.380,.845,.367,
Craig, Will,643269,2021,27,60,65,13,10,2,0,1,22,5,33.8,7.7,.217,.300,.277,.577,.251,
Dubon, Mauricio,643289,2021,27,175,187,42,28,9,0,5,41,9,21.9,4.8,.240,.377,.278,.655,.278,
Jansen, Danny,643376,2021,26,184,205,41,17,13,0,11,44,17,21.5,8.3,.223,.473,.298,.770,.329,
Kemp, Tony,643393,2021,30,330,397,92,65,16,3,8,51,52,12.8,13.1,.279,.418,.378,.796,.351,
Kiner-Falefa, Isiah,643396,2021,26,635,677,172,136,25,3,8,90,28,13.3,4.1,.271,.357,.312,.669,.293,
Long Jr., Shed,643418,2021,26,111,121,22,13,4,1,4,39,9,32.2,7.4,.198,.360,.256,.617,.268,
McNeil, Jeff,643446,2021,29,386,426,97,70,19,1,7,58,29,13.6,6.8,.251,.360,.319,.679,.301,
Schwindel, Frank,643524,2021,29,242,259,79,44,20,1,14,41,16,15.8,6.2,.326,.591,.371,.962,.403,
Tauchman, Mike,643565,2021,31,166,191,30,21,5,0,4,58,23,30.4,12.0,.181,.283,.283,.566,.260,
Chang, Yu,644374,2021,26,237,251,54,28,14,3,9,69,11,27.5,4.4,.228,.426,.267,.693,.294,
Alcantara, Sandy,645261,2021,26,58,64,2,1,1,0,0,45,3,70.3,4.7,.034,.052,.094,.145,.079,
Albies, Ozzie,645277,2021,24,629,686,163,86,40,7,30,128,47,18.7,6.9,.259,.488,.310,.799,.336,
Robles, Victor,645302,2021,24,315,369,64,40,21,1,2,85,33,23.0,8.9,.203,.295,.306,.601,.275,
Ford, Mike,645801,2021,29,60,72,8,5,0,0,3,23,11,31.9,15.3,.133,.283,.278,.561,.254,
Devers, Rafael,646240,2021,25,591,664,165,89,37,1,38,143,62,21.5,9.3,.279,.538,.352,.890,.373,
Naylor, Josh,647304,2021,24,233,250,59,39,13,0,7,45,14,18.0,5.6,.253,.399,.300,.699,.302,
Toro, Abraham,647351,2021,25,335,375,80,57,12,0,11,54,31,14.4,8.3,.239,.373,.315,.688,.303,
Diaz, Aledmys,649557,2021,31,294,319,76,49,19,0,8,62,16,19.4,5.0,.259,.405,.317,.721,.311,
Urias, Luis,649966,2021,24,490,570,122,73,25,1,23,116,63,20.4,11.1,.249,.445,.342,.787,.340,
Diaz, Lewin,650331,2021,25,122,128,25,12,4,1,8,33,6,25.8,4.7,.205,.451,.242,.693,.288,
Arraez, Luis,650333,2021,24,428,479,126,101,17,6,2,48,43,10.0,9.0,.294,.376,.357,.733,.321,
Jimenez, Eloy,650391,2021,25,213,231,53,33,10,0,10,57,16,24.7,6.9,.249,.437,.303,.740,.317,
Torres, Gleyber,650402,2021,25,459,516,119,88,22,0,9,104,50,20.2,9.7,.259,.366,.329,.695,.307,
Castro, Willi,650489,2021,24,413,450,91,61,15,6,9,109,23,24.2,5.1,.220,.351,.271,.622,.271,
Diaz, Yandy,650490,2021,30,465,541,119,85,20,1,13,85,69,15.7,12.8,.256,.387,.353,.740,.325,
De La Cruz, Bryan,650559,2021,25,199,219,59,45,7,2,5,53,18,24.2,8.2,.296,.427,.356,.783,.339,
Rengifo, Luis,650859,2021,24,174,190,35,28,1,0,6,38,9,20.0,4.7,.201,.310,.242,.552,.244,
Pozo, Yohel,650968,2021,24,74,77,21,16,4,0,1,10,3,13.0,3.9,.284,.378,.312,.690,.300,
Adams, Riley,656180,2021,25,99,120,22,11,8,1,2,40,15,33.3,12.5,.222,.384,.358,.742,.332,
Bradley, Bobby,656252,2021,25,245,279,51,25,10,0,16,99,25,35.5,9.0,.208,.445,.294,.739,.314,
Chapman, Matt,656305,2021,28,529,622,111,66,15,3,27,202,80,32.5,12.9,.210,.403,.314,.716,.311,
Chavis, Michael,656308,2021,26,121,124,30,19,7,1,3,42,1,33.9,0.8,.248,.397,.258,.655,.277,
Diaz, Isan,656371,2021,25,238,278,46,33,9,0,4,73,34,26.3,12.2,.193,.282,.291,.573,.252,
Ellis, Drew,656403,2021,26,69,83,9,6,2,0,1,27,10,32.5,12.0,.130,.203,.277,.480,.230,
Hill, Derek,656537,2021,26,139,150,36,27,3,3,3,42,10,28.0,6.7,.259,.388,.313,.702,.305,
Hilliard, Sam,656541,2021,27,214,238,46,23,7,2,14,87,23,36.6,9.7,.215,.463,.294,.757,.318,
Hoskins, Rhys,656555,2021,28,389,443,96,40,29,0,27,108,47,24.4,10.6,.247,.530,.334,.864,.364,
Jackson, Alex,656577,2021,26,131,151,18,11,4,0,3,73,13,48.3,8.6,.137,.237,.252,.488,.227,
Joe, Connor,656582,2021,29,179,211,51,34,9,0,8,41,26,19.4,12.3,.285,.469,.379,.848,.366,
Luplow, Jordan,656669,2021,28,163,193,33,14,8,0,11,57,28,29.5,14.5,.202,.454,.326,.780,.337,
McKinstry, Zach,656716,2021,26,158,172,34,18,9,0,7,50,10,29.1,5.8,.215,.405,.262,.667,.282,
Mullins II, Cedric,656775,2021,27,602,675,175,103,37,5,30,125,59,18.5,8.7,.291,.518,.359,.877,.372,
O'Hearn, Ryan,656811,2021,28,236,254,53,38,5,1,9,71,13,28.0,5.1,.225,.369,.268,.636,.274,
Peters, DJ,656847,2021,26,223,240,44,21,9,1,13,82,12,34.2,5.0,.197,.422,.242,.663,.272,
Rivera, Emmanuel,656896,2021,25,90,98,23,18,4,0,1,21,8,21.4,8.2,.256,.333,.316,.650,.289,
Schwarber, Kyle,656941,2021,28,399,471,106,55,19,0,32,127,64,27.0,13.6,.266,.554,.374,.928,.392,
Smith, Pavin,656976,2021,25,498,545,133,91,27,4,11,106,42,19.4,7.7,.267,.404,.328,.732,.318,
Thomas, Lane,657041,2021,26,226,264,53,29,15,2,7,63,37,23.9,14.0,.235,.412,.341,.752,.328,
Tucker, Cole,657061,2021,25,117,131,26,18,4,2,2,33,13,25.2,9.9,.222,.342,.298,.640,.282,
Verdugo, Alex,657077,2021,25,544,604,157,110,32,2,13,96,51,15.9,8.4,.289,.426,.351,.777,.334,
White, Evan,657108,2021,25,97,104,14,9,3,0,2,31,6,29.8,5.8,.144,.237,.202,.439,.197,
Alvarez, Eddy,657193,2021,31,64,74,12,6,4,1,1,18,4,24.3,5.4,.188,.328,.297,.625,.277,
Webb, Logan,657277,2021,25,46,53,6,2,2,1,1,21,2,39.6,3.8,.130,.283,.151,.434,.192,
O'Grady, Brian,657434,2021,29,51,61,8,3,3,0,2,17,8,27.9,13.1,.157,.333,.262,.596,.265,
DeJong, Paul,657557,2021,28,356,402,70,40,10,1,19,103,35,25.6,8.7,.197,.390,.284,.674,.293,
Laureano, Ramon,657656,2021,27,341,378,84,47,21,2,14,98,27,25.9,7.1,.246,.443,.317,.760,.327,
Sheets, Gavin,657757,2021,25,160,179,40,21,8,0,11,40,16,22.3,8.9,.250,.506,.324,.830,.352,
Fuentes, Joshua,658069,2021,28,271,284,61,42,11,1,7,65,12,22.9,4.2,.225,.351,.257,.608,.261,
Olivares, Edward,658668,2021,25,101,111,24,17,2,0,5,19,5,17.1,4.5,.238,.406,.288,.694,.301,
Moncada, Yoan,660162,2021,26,520,616,137,89,33,1,14,157,84,25.5,13.6,.263,.412,.375,.787,.347,
Ohtani, Shohei,660271,2021,27,537,639,138,58,26,8,46,189,96,29.6,15.0,.257,.592,.372,.965,.393,
Tsutsugo, Yoshi,660294,2021,30,230,262,50,29,12,1,8,72,29,27.5,11.1,.217,.383,.305,.688,.302,
Arauz, Jonathan,660620,2021,23,65,75,12,6,3,0,3,15,8,20.0,10.7,.185,.369,.267,.636,.282,
Hernandez, Yonny,660634,2021,23,143,166,31,26,5,0,0,32,17,19.3,10.2,.217,.252,.313,.565,.265,
Acuna Jr., Ronald,660670,2021,24,297,360,84,40,19,1,24,85,49,23.6,13.6,.283,.596,.394,.990,.412,
Ruiz, Keibert,660688,2021,23,88,96,24,18,3,0,3,9,6,9.4,6.3,.273,.409,.333,.742,.325,
Sanchez, Jesus,660821,2021,24,227,251,57,33,8,2,14,78,20,31.1,8.0,.251,.489,.319,.808,.339,
Park, Hoy,660829,2021,25,128,150,25,15,5,2,3,38,18,25.3,12.0,.195,.336,.293,.629,.279,
Contreras, William,661388,2021,24,163,185,35,22,4,1,8,54,19,29.2,10.3,.215,.399,.303,.701,.303,
Varsho, Daulton,662139,2021,25,284,315,70,40,17,2,11,67,30,21.3,9.5,.246,.437,.317,.754,.322,
Jones, Jahmai,663330,2021,24,67,72,10,7,3,0,0,26,4,36.1,5.6,.149,.194,.208,.402,.186,
Nootbaar, Lars,663457,2021,24,109,124,26,17,3,1,5,28,13,22.6,10.5,.239,.422,.315,.737,.316,
Hoerner, Nico,663538,2021,24,149,170,45,35,10,0,0,25,17,14.7,10.0,.302,.369,.382,.751,.330,
Riley, Austin,663586,2021,24,590,662,179,112,33,1,33,168,52,25.4,7.9,.303,.531,.367,.898,.379,
Madrigal, Nick,663611,2021,24,200,215,61,45,10,4,2,17,11,7.9,5.1,.305,.425,.349,.774,.335,
Larnach, Trevor,663616,2021,24,260,301,58,39,12,0,7,104,31,34.6,10.3,.223,.350,.322,.672,.300,
Mountcastle, Ryan,663624,2021,24,534,586,136,79,23,1,33,161,41,27.5,7.0,.255,.487,.309,.796,.335,
McKenna, Ryan,663630,2021,24,169,197,31,22,6,1,2,74,24,37.6,12.2,.183,.266,.289,.556,.259,
Hayes, Ke'Bryan,663647,2021,24,362,396,93,65,20,2,6,87,31,22.0,7.8,.257,.373,.316,.689,.301,
Tucker, Kyle,663656,2021,24,506,567,149,79,37,3,30,90,53,15.9,9.3,.294,.557,.358,.915,.383,
Cameron, Daz,663662,2021,24,103,115,20,11,5,0,4,38,10,33.0,8.7,.194,.359,.278,.637,.281,
India, Jonathan,663697,2021,25,532,631,143,86,34,2,21,141,71,22.3,11.3,.269,.459,.376,.834,.363,
Raleigh, Cal,663728,2021,25,139,148,25,11,12,0,2,52,7,35.1,4.7,.180,.309,.223,.532,.231,
Grisham, Trent,663757,2021,25,462,527,112,66,28,3,15,119,54,22.6,10.2,.242,.413,.326,.740,.320,
Vierling, Matt,663837,2021,25,71,77,23,17,3,1,2,20,4,26.0,5.2,.324,.479,.364,.843,.356,
Stephenson, Tyler,663886,2021,25,350,402,100,69,21,0,10,75,41,18.7,10.2,.286,.431,.366,.797,.346,
Williams, Luke,663897,2021,25,98,108,24,19,4,0,1,23,10,21.3,9.3,.245,.316,.315,.631,.283,
Rodgers, Brendan,663898,2021,25,387,415,110,71,21,3,15,84,19,20.2,4.6,.284,.470,.328,.798,.341,
Lowe, Nathaniel,663993,2021,26,557,642,147,102,24,3,18,162,80,25.2,12.5,.264,.415,.357,.771,.337,
Happ, Ian,664023,2021,27,465,535,105,59,20,1,25,156,62,29.2,11.6,.226,.434,.321,.756,.328,
France, Ty,664034,2021,27,571,650,166,115,32,1,18,106,46,16.3,7.1,.291,.445,.368,.813,.353,
Lowe, Brandon,664040,2021,27,535,615,132,62,31,0,39,167,68,27.2,11.1,.247,.523,.340,.863,.363,
Bader, Harrison,664056,2021,27,367,401,98,60,21,1,16,85,27,21.2,6.7,.267,.460,.324,.785,.331,
Stevenson, Andrew,664057,2021,27,192,213,44,33,6,0,5,61,13,28.6,6.1,.229,.339,.291,.630,.274,
Fletcher, David,664058,2021,27,626,665,164,132,27,3,2,60,31,9.0,4.7,.262,.324,.295,.619,.273,
Haggerty, Sam,664059,2021,27,86,94,16,11,3,0,2,28,6,29.8,6.4,.186,.291,.245,.535,.240,
Moore, Dylan,664238,2021,29,332,377,60,35,11,2,12,111,40,29.4,10.6,.181,.334,.276,.610,.271,
Garlick, Kyle,664247,2021,29,99,107,23,10,8,0,5,32,6,29.9,5.6,.232,.465,.280,.745,.314,
Straw, Myles,664702,2021,27,564,638,153,119,29,1,4,121,67,19.0,10.5,.271,.348,.348,.695,.311,
Isbel, Kyle,664728,2021,24,76,83,21,13,5,2,1,23,7,27.7,8.4,.276,.434,.337,.772,.333,
Bohm, Alec,664761,2021,25,380,417,94,72,15,0,7,111,31,26.6,7.4,.247,.342,.305,.647,.285,
Wade Jr., LaMonte,664774,2021,27,336,381,85,47,17,3,18,89,33,23.4,8.7,.253,.482,.323,.805,.343,
Tom, Ka'ai,664789,2021,27,108,133,15,10,2,1,2,36,17,27.1,12.8,.139,.231,.278,.510,.239,
Mazeika, Patrick,664850,2021,28,79,87,15,11,3,0,1,18,4,20.7,4.6,.190,.266,.253,.519,.228,
Zavala, Seby,664874,2021,28,93,104,17,9,3,0,5,41,6,39.4,5.8,.183,.376,.231,.607,.265,
Mendick, Danny,664901,2021,28,164,186,36,29,5,0,2,42,18,22.6,9.7,.220,.287,.301,.588,.268,
Brown, Seth,664913,2021,29,281,307,60,26,13,1,20,89,23,29.0,7.5,.214,.480,.274,.754,.315,
McCarthy, Jake,664983,2021,24,59,70,13,8,3,0,2,23,8,32.9,11.4,.220,.373,.329,.701,.315,
Walsh, Jared,665120,2021,28,530,585,147,83,34,1,29,152,48,26.0,8.2,.277,.509,.340,.850,.357,
Maton, Nick,665155,2021,24,117,131,30,20,7,1,2,39,10,29.8,7.6,.256,.385,.321,.705,.309,
Celestino, Gilberto,665482,2021,22,59,62,8,3,3,0,2,14,3,22.6,4.8,.136,.288,.177,.466,.201,
Tatis Jr., Fernando,665487,2021,22,478,546,135,62,31,0,42,153,62,28.0,11.4,.282,.611,.364,.975,.403,
Guerrero Jr., Vladimir,665489,2021,22,604,698,188,110,29,1,48,110,86,15.8,12.3,.311,.601,.401,1.002,.419,
Pache, Cristian,665506,2021,23,63,68,7,3,3,0,1,25,2,36.8,2.9,.111,.206,.147,.353,.159,
Marchan, Rafael,665561,2021,22,52,56,12,9,1,1,1,10,4,17.9,7.1,.231,.346,.286,.632,.277,
Soto, Juan,665742,2021,23,502,654,157,106,20,2,29,93,145,14.2,22.2,.313,.534,.465,.999,.420,
Taveras, Leody,665750,2021,23,174,185,28,17,6,2,3,60,9,32.4,4.9,.161,.270,.205,.476,.209,
Chisholm Jr., Jazz,665862,2021,23,464,507,115,73,20,4,18,145,34,28.6,6.7,.248,.425,.302,.726,.312,
Gimenez, Andres,665926,2021,23,188,210,41,26,10,0,5,54,11,25.7,5.2,.218,.351,.281,.632,.277,
Kirilloff, Alex,666135,2021,24,215,231,54,34,11,1,8,52,14,22.5,6.1,.251,.423,.299,.722,.307,
Lux, Gavin,666158,2021,24,335,381,81,58,12,4,7,83,41,21.8,10.8,.242,.364,.328,.692,.303,
Rortvedt, Ben,666163,2021,24,89,98,15,11,1,0,3,29,6,29.6,6.1,.169,.281,.224,.505,.227,
Adell, Jo,666176,2021,22,130,140,32,21,5,2,4,32,8,22.9,5.7,.246,.408,.293,.701,.303,
Bichette, Bo,666182,2021,23,640,690,191,131,30,1,29,137,40,19.9,5.8,.298,.484,.343,.828,.354,
Carlson, Dylan,666185,2021,23,542,619,144,91,31,4,18,152,57,24.6,9.2,.266,.437,.342,.780,.336,
Kieboom, Carter,666198,2021,24,217,249,45,33,6,0,6,62,25,24.9,10.0,.207,.318,.301,.619,.275,
Trammell, Taylor,666211,2021,24,156,178,25,10,7,0,8,75,17,42.1,9.6,.160,.359,.253,.612,.270,
Castro, Rodolfo,666801,2021,22,86,93,17,10,2,0,5,27,6,29.0,6.5,.198,.395,.258,.653,.281,
Dalbec, Bobby,666915,2021,26,417,453,100,49,21,5,25,156,28,34.4,6.2,.240,.494,.298,.792,.334,
Garcia, Adolis,666969,2021,28,581,622,141,82,26,2,31,194,32,31.2,5.1,.243,.454,.286,.741,.314,
Gurriel Jr., Lourdes,666971,2021,28,500,541,138,87,28,2,21,102,32,18.9,5.9,.276,.466,.318,.784,.333,
Rooker Jr., Brent,667670,2021,27,189,213,38,19,10,0,9,70,15,32.9,7.0,.201,.397,.291,.688,.301,
Arozarena, Randy,668227,2021,26,529,604,145,90,32,3,20,170,56,28.1,9.3,.274,.459,.356,.815,.350,
Barrera, Tres,668663,2021,27,91,107,24,18,3,1,2,22,12,20.6,11.2,.264,.385,.374,.758,.333,
Rogers, Jake,668670,2021,26,113,127,27,13,5,3,6,46,11,36.2,8.7,.239,.496,.299,.795,.339,
Baddoo, Akil,668731,2021,23,413,461,107,67,20,7,13,122,45,26.5,9.8,.259,.436,.330,.766,.329,
Knizner, Andrew,668800,2021,26,161,185,28,20,7,0,1,39,20,21.1,10.8,.174,.236,.281,.517,.238,
Reynolds, Bryan,668804,2021,26,559,646,169,102,35,8,24,119,75,18.4,11.6,.302,.522,.390,.912,.385,
Rojas, Josh,668942,2021,27,484,550,128,82,32,3,11,137,58,24.9,10.5,.264,.411,.338,.749,.327,
Marsh, Brandon,669016,2021,24,236,260,60,43,12,3,2,91,20,35.0,7.7,.254,.356,.315,.671,.296,
Burnes, Corbin,669203,2021,27,52,59,8,8,0,0,0,26,3,44.1,5.1,.154,.154,.186,.340,.166,
Murphy, Sean,669221,2021,27,393,448,85,45,23,0,17,114,40,25.4,8.9,.216,.405,.306,.710,.309,
Senzel, Nick,669222,2021,26,111,124,28,23,4,0,1,16,12,12.9,9.7,.252,.315,.323,.638,.286,
Edman, Tommy,669242,2021,26,641,691,168,113,41,3,11,95,38,13.7,5.5,.262,.387,.307,.694,.301,
Solak, Nick,669256,2021,26,458,511,111,80,18,2,11,107,34,20.9,6.7,.242,.362,.313,.676,.299,
Smith, Will,669257,2021,26,414,501,107,61,19,2,25,101,58,20.2,11.6,.258,.495,.365,.860,.364,
Johnson, Daniel,669288,2021,26,77,81,17,13,0,0,4,27,4,33.3,4.9,.221,.377,.259,.636,.274,
Espinal, Santiago,669289,2021,27,222,246,69,53,13,1,2,30,22,12.2,8.9,.311,.405,.374,.779,.344,
Hiura, Keston,669374,2021,25,173,197,29,15,9,1,4,77,14,39.1,7.1,.168,.301,.254,.554,.250,
Hays, Austin,669720,2021,26,488,529,125,73,26,4,22,107,28,20.2,5.3,.256,.461,.306,.767,.328,
Lopez, Nicky,670032,2021,26,497,565,149,120,21,6,2,74,49,13.1,8.7,.300,.378,.358,.736,.329,
Raley, Luke,670042,2021,27,66,72,12,9,1,0,2,25,2,34.7,2.8,.182,.288,.250,.538,.236,
Short, Zack,670097,2021,26,156,184,22,12,4,0,6,59,22,32.1,12.0,.141,.282,.239,.521,.230,
Rojas, Jose,670351,2021,28,168,184,35,15,14,0,6,50,15,27.2,8.2,.208,.399,.277,.676,.292,
Young, Andrew,670370,2021,27,91,104,19,6,7,0,6,45,6,43.3,5.8,.209,.484,.298,.782,.332,
Alvarez, Yordan,670541,2021,24,537,598,149,80,35,1,33,145,50,24.2,8.4,.277,.531,.346,.877,.370,
Paredes, Isaac,670623,2021,22,72,85,15,10,3,1,1,11,10,12.9,11.8,.208,.319,.306,.625,.274,
Brosseau, Mike,670712,2021,27,150,169,28,14,9,0,5,53,15,31.4,8.9,.187,.347,.266,.613,.268,
Walls, Taylor,670764,2021,25,152,176,32,21,10,0,1,49,23,27.8,13.1,.211,.296,.313,.609,.279,
Garcia, Luis,671277,2021,21,236,247,57,31,18,2,6,43,11,17.4,4.5,.242,.411,.275,.686,.291,
Kelenic, Jarred,672284,2021,22,337,377,61,33,13,1,14,106,36,28.1,9.5,.181,.350,.265,.615,.270,
Kirk, Alejandro,672386,2021,23,165,189,40,24,8,0,8,22,19,11.6,10.1,.242,.436,.328,.764,.330,
Marcano, Tucupita,672779,2021,22,44,50,8,7,1,0,0,9,6,18.0,12.0,.182,.205,.280,.485,.231,
Robert, Luis,673357,2021,24,275,296,93,57,22,1,13,61,14,20.6,4.7,.338,.567,.378,.946,.399,
Akiyama, Shogo,673451,2021,33,162,183,33,25,8,0,0,40,14,21.9,7.7,.204,.253,.279,.532,.243,
Kim, Ha-Seong,673490,2021,26,267,298,54,32,12,2,8,71,22,23.8,7.4,.202,.352,.268,.621,.270,
Clement, Ernie,676391,2021,25,121,133,28,21,4,0,3,19,7,14.3,5.3,.231,.339,.278,.617,.275,
Barrero, Jose,676480,2021,23,50,56,10,5,4,1,0,17,3,30.4,5.4,.200,.320,.286,.606,.271,
Meyers, Jake,676694,2021,25,146,163,38,24,8,0,6,50,10,30.7,6.1,.260,.438,.319,.757,.328,
Trejo, Alan,676701,2021,25,46,50,10,7,2,0,1,15,3,30.0,6.0,.217,.326,.260,.586,.245,
McCormick, Chas,676801,2021,26,284,320,73,47,12,0,14,104,25,32.5,7.8,.257,.447,.319,.766,.326,
Franco, Wander,677551,2021,20,281,308,81,51,18,5,7,37,24,12.0,7.8,.288,.463,.347,.810,.348,
Duran, Jarren,680776,2021,25,107,112,23,16,3,2,2,40,4,35.7,3.6,.215,.336,.241,.578,.247,
Jeffers, Ryan,680777,2021,24,267,293,53,28,10,1,14,108,22,36.9,7.5,.199,.401,.270,.670,.289,
Miller, Owen,680911,2021,25,191,202,39,27,8,0,4,54,9,26.7,4.5,.204,.309,.243,.551,.241,
Vaughn, Andrew,683734,2021,23,417,469,98,61,22,0,15,101,41,21.5,8.7,.235,.396,.309,.705,.306,